"","nOTUs","percTroph","percTroph.ProbHProb","table"
"1",1977,0.469903894790086,0.344967121901872,"2012ITS"
"2",1875,0.426133333333333,0.334933333333333,"2014ITS"
